time_since_start_s,accel_x,accel_y,accel_z,gyro_x,gyro_y,gyro_z,latitude,longitude,vehicle_speed,trip_id
721.109,-0.1687,-0.2846,10.0584,-0.0271,-0.2015,0.1056,52.555240000000005,-1.471688,72.43,Vw17
721.2090000000001,1.1203099009904036,1.226390099010258,9.939489108910863,-0.048387128712876315,-0.08912376237621106,-0.0016277227723025672,52.555240000000005,-1.471688,70.84584158415804,Vw17
721.3090000000001,0.24190299999877185,-0.23132300000202966,9.71257999999969,0.08188200000017981,-0.1725460000001165,0.12629700000017774,52.555240000000005,-1.471688,68.55299999999686,Vw17
721.4090000000001,2.9871790000038274,1.0520860000018037,9.629317999999888,0.03528399999993342,0.24368700000057952,-0.13346300000036276,52.555240000000005,-1.471688,66.83709999999765,Vw17
721.5090000000001,0.1487519999960174,-1.2637750000032364,9.432479999999728,-0.06063600000013261,-0.06216800000043088,0.07675000000029575,52.555240000000005,-1.471688,64.18659999999633,Vw17
721.6090000000002,-0.8725999999997088,-1.3538999999985133,10.393499999999019,-0.03220000000010459,0.1874999999997973,-0.058599999999914734,52.555240000000005,-1.471688,62.37999999999797,Vw17
721.7090000000002,-0.6163999999950153,-0.046100000003426816,9.531400000003028,-0.1241999999998924,0.009200000000041873,0.016399999999940344,52.555240000000005,-1.471688,60.58999999999854,Vw17
721.8090000000002,1.575877227728275,-1.5532287128750701,10.863776237627107,-0.07687326732661387,0.027615841584204638,-0.0098376237624421,52.555240000000005,-1.471688,59.94643564356274,Vw17
721.9090000000002,2.3349540000018707,-0.834610999998138,9.39893099999625,0.026857000000262046,0.08066600000013416,-0.04385900000008568,52.555240000000005,-1.471688,59.464799999998796,Vw17
722.0090000000002,0.4274429999951401,-1.1260810000007586,10.050963000001694,-0.06654600000023969,0.02912599999986784,0.010943000000139945,52.555240000000005,-1.471688,59.271899999999526,Vw17
722.1090000000003,1.6206520000030773,1.3143190000062008,9.04938499999744,-0.09967500000008167,0.23372800000052057,-0.08710400000025025,52.555240000000005,-1.471688,59.180899999999774,Vw17
722.2090000000003,0.7453649999977476,-1.3371680000067916,9.929408000002258,0.048995000000378125,-0.04981500000072481,0.10366300000048666,52.555240000000005,-1.471688,59.160199999999946,Vw17
722.3090000000003,2.571167000006742,1.9327970000121162,10.200255000000961,-0.04463900000034961,0.24637900000109905,-0.19159800000109214,52.555240000000005,-1.471688,59.17980000000007,Vw17
722.4090000000003,0.7315689999931507,-2.244766000015522,10.644341000001626,-0.03896699999997555,-0.29232800000199693,0.1429900000012444,52.555240000000005,-1.471688,59.17009999999996,Vw17
722.5090000000004,-0.17087400000325736,-1.979112999998864,10.081331999997907,-0.010981999999897088,0.14720500000164038,-0.021504000000618945,52.555240000000005,-1.471688,59.00169999999938,Vw17
722.6090000000004,0.1336340000011554,-2.6367260000024357,10.24380100000062,0.056323000000247064,-0.28657300000161556,0.11945900000052587,52.555240000000005,-1.471688,58.97029999999989,Vw17
722.7090000000004,1.4373999999986458,-1.1120999999940735,9.873099999998997,-0.0067999999999054485,0.007399999999004058,0.012800000000544797,52.555240000000005,-1.471688,58.94999999999973,Vw17
722.8090000000004,1.1395782178203575,0.1911673267389078,9.652505940593004,0.013992079208020258,-0.21160990099114674,0.13260198019859293,52.555240000000005,-1.471688,58.89059405940566,Vw17
722.9090000000004,2.4317180000062613,0.6801920000023013,9.146092999997563,0.0077649999999688905,0.05221300000128609,-0.05321100000090412,52.555240000000005,-1.471688,58.77119999999943,Vw17
723.0090000000005,1.4054999999960212,0.0258999999913562,8.80080000001014,0.07230000000026114,-0.2396999999993251,0.13369999999934987,52.555240000000005,-1.471688,58.74000000000054,Vw17
723.1090000000005,0.5305495049463095,-1.8748920792170138,11.030601980208687,0.12972574257453215,-0.0912841584151316,-0.009270297030386898,52.555240000000005,-1.471688,58.858811881188686,Vw17
723.2090000000005,0.7451440000010797,-0.051707999991093656,9.574730999992854,0.07119699999971427,-0.1944430000005059,0.057808000000331206,52.555240000000005,-1.471688,59.11740000000124,Vw17
723.3090000000005,0.44653899999820346,-1.6028440000093735,10.453869000005339,0.06743199999998109,-0.13550599999964175,0.1290870000004215,52.555240000000005,-1.471688,59.36750000000148,Vw17
723.4090000000006,1.4575570000060671,0.8507560000147745,9.298560999993033,-0.02170000000053307,-0.12391099999993424,0.10336699999984185,52.555240000000005,-1.471688,59.66700000000178,Vw17
723.5090000000006,0.0210139999913439,-0.9540180000109472,10.26482100000585,0.05897600000048807,-0.17696300000031806,0.05983699999974117,52.555240000000005,-1.471688,59.94720000000166,Vw17
723.6090000000006,0.49565800000292726,0.6863440000099245,9.432704999994963,-0.03840800000058756,-0.021871999999068886,0.058904999999997036,52.555240000000005,-1.471688,60.425200000002846,Vw17
723.7090000000006,0.20350099999822252,-0.3128380000060783,10.65576000000737,0.012674000000311554,-0.0590090000002316,0.048603999999938405,52.555240000000005,-1.471688,60.766600000002015,Vw17
723.8090000000007,-0.8369000000131588,0.9877000000248873,8.67440000000121,-0.021500000000055378,0.18029999999953802,-0.06260000000039172,52.555240000000005,-1.471688,61.28000000000223,Vw17
723.9090000000007,-2.766008910904704,4.636214851510898,8.851627722773529,-0.02961881188124542,0.11257722772229432,-0.12002574257466272,52.555240000000005,-1.471688,61.60673267326963,Vw17
724.0090000000007,-4.752100000008535,4.215800000023931,9.863699999998387,-0.08350000000030325,0.28699999999983317,-0.2326999999999115,52.555240000000005,-1.471688,62.000000000003446,Vw17
724.1090000000007,-6.003288118820711,7.724116831707929,9.627264356433976,-0.1279554455448682,0.2625445544552729,-0.21972970297020547,52.555240000000005,-1.471688,62.504950495053066,Vw17
724.2090000000007,-6.087080000000508,3.932750999972712,10.71291000000776,0.11048700000170358,-0.04964900000222461,-0.09466199999910904,52.555240000000005,-1.471688,62.98520000000339,Vw17
724.3090000000008,-2.224522999968058,2.0468589999847264,8.962986999985441,0.05023299999948187,0.1233210000014562,0.07529600000139482,52.555240000000005,-1.471688,63.2672000000023,Vw17
724.4090000000008,-1.9807679999983048,-0.7198420000227528,9.270415000002693,0.21394000000136068,0.0958949999997582,-0.08664700000135493,52.555240000000005,-1.471688,63.715500000003686,Vw17
724.5090000000008,1.2552999999913674,0.7270999999888736,9.720900000004377,0.03999999999986842,0.14999999999981325,-0.10559999999963834,52.555240000000005,-1.471688,64.11000000000371,Vw17
724.6090000000008,0.17054752474358637,-0.6710188118926451,10.270800990103517,0.023465346534517973,0.12653465346515425,-0.06015445544517215,52.555240000000005,-1.471688,64.57534653465727,Vw17
724.7090000000009,0.4390999999806989,-0.07750000000498962,10.063299999989084,0.026700000001088693,0.00810000000178387,-0.08100000000069789,52.555240000000005,-1.471688,65.03000000000387,Vw17
724.8090000000009,-1.6830782178415846,-0.6261138613912579,8.863101980186821,0.1464029702981467,0.20423861386321637,-0.15773267326804274,52.555240000000005,-1.471688,65.4557425742614,Vw17
724.9090000000009,-2.1086160000038117,-0.16105299999556366,9.50558900000617,0.027809999998870613,0.017109999998217246,-0.020988999998703572,52.555240000000005,-1.471688,65.88570000000401,Vw17
725.0090000000009,-0.5130999999808178,0.7357000000123601,9.227400000007934,0.0936999999992427,0.26519999999831967,-0.1880999999985439,52.555240000000005,-1.471688,66.35000000000386,Vw17
725.109000000001,1.5960089109107698,2.0947099010027803,10.099875247532893,0.01043267326654973,0.08044752475075126,-0.02800099009751597,52.555240000000005,-1.471688,66.7757425742614,Vw17
725.209000000001,1.4767179999986766,0.5971639999857532,10.399858000002745,0.09642300000081856,0.29857800000207396,-0.2530110000021365,52.555240000000005,-1.471688,67.23540000000429,Vw17
725.309000000001,0.9331759999942726,-0.43453300001073847,9.558626999991082,-0.03615200000140989,0.0793369999976603,-0.030074999997620533,52.555240000000005,-1.471688,67.61620000000399,Vw17
725.409000000001,0.5407999999898067,-1.542899999988677,10.59029999999495,0.014299999998513854,0.17189999999918246,-0.10689999999877015,52.555240000000005,-1.471688,67.92999999999971,Vw17
725.509000000001,-0.45543762377280506,-0.4362663366220789,10.096834653460181,-0.1309475247539957,0.09199900990015368,0.013298019803238456,52.555240000000005,-1.471688,67.90029702970267,Vw17
725.6090000000011,0.06702200000563102,-0.8472370000044636,10.43691500000365,-0.026469999998879667,0.06060899999967646,-0.0048050000002041755,52.555240000000005,-1.471688,67.99900000000105,Vw17
725.7090000000011,1.2832690000128066,0.34739000001267983,9.143004999986278,-0.009460999999831424,0.09495000000036646,-0.131225000001335,52.555240000000005,-1.471688,66.96049999998901,Vw17
725.8090000000011,0.7234000000087224,-0.9720999999896556,8.996300000012736,-0.09249999999903985,-0.05639999999804706,0.012699999999454077,52.555240000000005,-1.471688,65.18998999997243,Vw17
725.9090000000011,1.490627722781181,-0.06219900989043059,10.116597029715972,-0.008044554454465433,0.1153821782198153,-0.035319801980755294,52.555240000000005,-1.471688,62.764257326704524,Vw17
726.0090000000012,-0.19499600001985318,-1.1969460000134111,10.053846999999134,-0.053136000000538586,0.07165899999946722,-0.08955700000063029,52.555240000000005,-1.471688,60.25509999997086,Vw17
726.1090000000012,-0.2893200000009054,-0.6728109999937193,10.72956700000793,0.02609500000093439,0.22722400000182935,-0.1690030000009251,52.555240000000005,-1.471688,58.72519999998236,Vw17
726.2090000000012,-1.1845650000104873,-4.544735000045461,11.129232000004606,-0.15476500000212995,0.2816660000006198,-0.12515099999947651,52.555240000000005,-1.471688,57.9080999999906,Vw17
726.3090000000012,3.3306010000581887,0.9278260000708896,9.044200999973132,-0.028394999998351073,0.7191860000056203,-0.37606100000323295,52.555240000000005,-1.471688,57.48419999999465,Vw17
726.4090000000012,3.1939419999976524,2.5579960000202684,9.05883900000046,0.045368000000932884,-0.2517480000125557,0.036012000005337275,52.555240000000005,-1.471688,57.291899999997575,Vw17
726.5090000000013,2.3385219999890117,3.794174000015709,8.118897999987896,-0.04636600000119033,0.27666300000692917,-0.04543500000110237,52.555240000000005,-1.471688,57.12169999999783,Vw17
726.6090000000013,-0.39890000000289605,-0.6857000000188338,10.542100000006311,0.214799999996938,-0.3199999999977094,0.11939999999964093,52.555240000000005,-1.471688,57.02999999999938,Vw17
726.7090000000013,-0.6304841584187924,-2.1917396039795856,11.046852475253957,-0.03005148515163475,-0.13683168316598293,0.09068712871250542,52.555240000000005,-1.471688,56.98049504950432,Vw17
726.8090000000013,0.7942558823719796,-0.25057941173860776,10.321532352931433,0.11551470588432763,-0.033379411763350145,0.10495882352960599,52.555240000000005,-1.471688,56.95088235294079,Vw17
726.9090000000014,1.1687846938822894,-1.4887244898144762,12.39400612247894,0.28074285714515634,-0.21568877551285578,-0.0009040816341735758,52.555240000000005,-1.471688,57.03908163265434,Vw17
727.0090000000014,-0.5175320000236923,-2.2296510000102012,10.136916999968049,-0.1841870000065422,0.3215540000075596,-0.12188900000168101,52.555240000000005,-1.471688,56.89149999999792,Vw17
727.1090000000014,0.060984000008350914,-1.9710859999962715,10.202703000001245,0.046621000003302326,0.04574099999605635,-0.08825199999951139,52.555240000000005,-1.471688,57.078100000002635,Vw17
727.2090000000014,-0.5826000000065804,-0.8958999999969524,9.887999999991521,0.15209999999896115,0.25939999999662233,-0.17389999999909314,52.555240000000005,-1.471688,57.38000000000359,Vw17
727.3090000000014,-1.0278427184530003,-0.6896864077640268,9.314310679603407,0.08180873786306751,0.030856310676327242,-0.11254077669814735,52.555240000000005,-1.471688,57.62271844660543,Vw17
727.4090000000015,1.6992999999611524,-1.589799999997925,11.464699999962965,0.1014999999967632,-0.06070000000153207,-0.023599999996277373,52.555240000000005,-1.471688,57.98000000000541,Vw17
727.5090000000015,-0.929214851524617,-1.4494039603939317,8.958759405902965,-0.1175099009933876,-0.1643633663381902,0.22828118812259401,52.555240000000005,-1.471688,58.34633663366887,Vw17
727.6090000000015,3.833999999954382,3.084899999924835,9.061700000024821,0.19319999999812407,-0.4800999999995186,0.2084000000012482,52.555240000000005,-1.471688,58.630000000005126,Vw17
727.7090000000015,0.7473663365873153,-2.0009415842347833,10.741204950520267,0.06626930692878713,-0.4475257425737683,0.29285544554582266,52.555240000000005,-1.471688,58.976534653470544,Vw17
727.8090000000016,2.394099999980185,1.7425999999566955,9.167299999990302,-0.17709999999751647,0.04679999999368239,0.06160000000199976,52.555240000000005,-1.471688,59.48000000000788,Vw17
727.9090000000016,1.149149504930386,-0.978192079251869,8.557993069297089,-0.021060396037083512,-0.35013069307571837,0.18724356435846512,52.555240000000005,-1.471688,59.97504950495849,Vw17
728.0090000000016,4.050567000047549,1.8423350000464696,9.466462000014923,-0.033954000000235865,0.16931300000854105,-0.20363900000639895,52.555240000000005,-1.471688,60.35620000000614,Vw17
728.1090000000016,-0.4610310000741009,-2.6897310000744232,9.821507000005642,-0.05568200000035217,-0.27654300000736176,0.18909300000647328,52.555240000000005,-1.471688,60.71640000000581,Vw17
728.2090000000017,1.407364000031237,-2.4980019999961196,11.234067000022993,-0.1792540000020129,0.29389200000938276,-0.13013500000527456,52.555240000000005,-1.471688,61.1061000000063,Vw17
728.3090000000017,-0.8207980000392296,-3.439466000016475,9.580941999970896,-0.15060199999947813,-0.14144400000770008,0.04598800000313122,52.55463213999999,-1.469635729999964,61.45650000000605,Vw17
728.4090000000017,2.955823000066361,0.2140000000639799,11.753386000038239,0.22877100000662104,0.055466000003517146,-0.18237500000402032,52.554626,-1.469615,61.757000000005185,Vw17
728.5090000000017,0.5598889999574812,-0.2731060000091542,8.801638999948057,0.06964599999715376,-0.1294120000032647,-0.02501299999721085,52.554626,-1.469615,62.06690000000536,Vw17
728.6090000000017,-0.8543999999731774,-0.03880000001665569,9.012900000034328,-0.056499999998511276,-0.024900000001229522,0.08729999999942531,52.554626,-1.469615,62.42000000000563,Vw17
728.7090000000018,0.7184999999626945,-1.0155000000173362,11.025899999977177,0.030799999996565533,-0.09699999999836822,0.053600000000722195,52.554626,-1.469615,62.75000000000468,Vw17
728.8090000000018,-1.332391089146701,-1.9685693069482544,9.771246534630347,-0.1580118811915979,-0.0072970297013174035,0.09330297029776129,52.554626,-1.469615,63.007425742579,Vw17
728.9090000000018,-3.305675000036351,-1.6781299999944161,11.190240000026648,0.06354300000415936,-0.3192400000058235,0.2639800000031697,52.554626,-1.469615,63.26740000000479,Vw17
729.0090000000018,-6.449487128771764,2.0273039604658347,9.767729702943209,0.008752475246449336,-0.27829108910807937,0.03417722771840778,52.554626,-1.469615,63.613069306937156,Vw17
729.1090000000019,-6.66695000000294,6.989360000093095,8.479595999976016,-0.049926000001095774,-0.10237199999666602,-0.03361200000120218,52.554626,-1.469615,63.98260000000691,Vw17
729.2090000000019,-5.830799999981104,1.1588000000769476,11.63719999995577,0.10369999999850217,-0.3247999999888523,0.16069999999399517,52.554626,-1.469615,64.43999000000794,Vw17
729.3090000000019,-4.853099999942715,5.140199999962003,9.348699999983886,0.026200000001261024,0.25199999999311123,-0.14999999999548214,52.554626,-1.469615,64.85000000001071,Vw17
729.4090000000019,-1.8890405940014197,3.174160396001142,8.514937623746066,0.0914475247537517,-0.10443564357132945,0.08376237624219687,52.554626,-1.469615,65.4044554455554,Vw17
729.509000000002,0.6969780000505219,0.21152699994183743,9.498085000019596,0.03527399999887694,0.04347000000299352,0.05996399999948347,52.554626,-1.469615,65.94460000001057,Vw17
729.609000000002,-0.7976420000300487,-1.2499380000282956,9.269806999995291,-0.04202500000151633,-0.0714240000023009,0.07484700000029935,52.554626,-1.469615,66.45490000000997,Vw17
729.709000000002,1.0019670000358694,-0.006901999975147843,10.498663000024335,-0.013990999999430643,-0.04695899999949325,0.025202999999015853,52.554626,-1.469615,67.00450000001076,Vw17
729.809000000002,-0.7870440000377736,-0.3104060000066088,9.718604999983436,-0.1085420000019822,-0.12827600000170494,0.08617900000128491,52.554626,-1.469615,67.52480000001076,Vw17
729.909000000002,0.6164390000297307,1.0529960000285774,9.933845000004668,-0.05574299999887586,-0.04534599999824858,0.05927799999942447,52.554626,-1.469615,68.24280000001491,Vw17
730.0090000000021,-1.6770999999693998,-0.04849999997803098,8.720800000022983,-0.11739999999886944,-0.16089999999889373,0.07109999999981562,52.554626,-1.469615,68.81000000001195,Vw17
730.1090000000021,-0.181753465315581,1.0250643564578663,9.843869306953941,-0.06215247524638112,-0.10684059405828691,0.06209009900971448,52.554626,-1.469615,69.39415841585368,Vw17
730.2090000000021,-0.3846000000045545,-0.7483780000373097,10.017460000003394,-0.0006159999987247269,-0.1089730000000559,0.0626930000000145,52.554626,-1.469615,69.9841000000122,Vw17
730.3090000000021,-0.1367259999944863,-1.616216000018737,11.06998500002317,-0.08078400000178117,0.14295500000555517,-0.11421300000390056,52.554626,-1.469615,70.65330000001462,Vw17
730.4090000000022,0.0948860000050536,1.1100750000603314,9.416112999963282,-0.05496899999941252,0.06679499999826378,0.012403000002832551,52.554626,-1.469615,71.1451000000107,Vw17
730.5090000000022,-0.7328160000183099,-0.17187200002888892,10.04072100001415,0.006482000001349665,0.060455999999877705,-0.018772000000716323,52.554626,-1.469615,71.69450000001201,Vw17
730.6090000000022,0.9975370000383562,-0.5985240000091201,10.526954000010583,0.09540800000194806,0.03861999999951953,-0.08285600000140647,52.554626,-1.469615,71.39309999999323,Vw17
730.7090000000022,-0.9783640000439755,-1.0176090000091529,8.925326999964563,0.12867300000071413,0.12443100000189783,-0.10656700000050887,52.554626,-1.469615,71.47910000000196,Vw17
730.8090000000022,-1.1656120000038765,-0.9506189999983488,9.401922000011432,-0.017124000003389594,0.0018469999971362921,-0.04591499999858766,52.554626,-1.469615,70.11379999996831,Vw17
730.9090000000023,0.8377470000465337,-0.960889000000255,10.177615000017887,0.10119000000278011,0.08148300000187715,-0.12192600000177833,52.554626,-1.469615,67.8724999999483,Vw17
731.0090000000023,1.431111000013301,0.2688770000285433,9.083430999974425,-0.006797000002534262,0.10982200000063874,-0.03379799999793674,52.554626,-1.469615,65.57299999994716,Vw17
731.1090000000023,0.20108299997131907,-0.6335590000212323,10.306434000028641,0.03348200000096041,0.016148999997819574,-0.08814200000128207,52.554626,-1.469615,63.13439999994394,Vw17
731.2090000000023,3.0658370000667756,1.9632760000604825,7.6636209999383755,-0.1195500000035613,0.31536800000696635,0.034060000002849034,52.554626,-1.469615,61.664599999966455,Vw17
731.3090000000024,1.2084549999540743,-2.790813000116379,12.081009000108194,-0.0550669999983924,-0.24728600001377166,0.20894600000422742,52.554626,-1.469615,61.095599999986504,Vw17
731.4090000000024,-3.1548190001058094,-2.0931349999818307,8.091847999901745,-0.32496700000659007,-0.026388999994480522,0.10457199999741508,52.554626,-1.469615,60.74349999999156,Vw17
731.5090000000024,-0.2952279999292813,-1.7437529999916737,11.768847000090553,0.09829700001037589,-0.5020720000116418,0.36951300000647913,52.554626,-1.469615,60.61129999999687,Vw17
731.6090000000024,-1.18105600002229,-1.953348000005189,9.70799599994889,-0.037584000003414414,-0.2980099999949122,0.1569739999947578,52.554626,-1.469615,60.40209999999494,Vw17
731.7090000000024,2.8499999999404366,2.410899999906411,9.732900000019784,0.04699999999887326,-0.3283000000010475,0.1633000000025977,52.554626,-1.469615,60.33999999999827,Vw17
731.8090000000025,0.4685148514250219,-1.330981188213285,10.523890099029872,0.0019504950483675634,-0.3701811881198693,0.2671613861412361,52.554626,-1.469615,60.27069306930518,Vw17
731.9090000000025,3.699325000083009,1.0057190000605518,9.929879999984648,-0.06651300000173466,-0.0762729999924932,0.03832199999413699,52.554626,-1.469615,60.19079999999798,Vw17
732.0090000000025,0.835855999926129,-2.4246080000881016,9.097644999978929,-0.06581399999996465,-0.3476290000069968,0.3085470000069513,52.554626,-1.469615,60.239500000001264,Vw17
732.1090000000025,1.900748000027906,1.7795810001081178,9.952382000022013,-0.012042999998628928,0.0512430000102439,-0.04213000000901418,52.554626,-1.469615,60.12119999999697,Vw17
732.2090000000026,-2.737636000118584,-2.451925000109016,11.225429000032248,0.1018550000028911,-0.3177320000095142,0.2220950000068301,52.554626,-1.469615,60.129900000000255,Vw17
732.3090000000026,-0.9233999999504141,-1.7494319999801342,10.945654999992206,-0.0642110000044548,0.2937850000163923,-0.23545100001226182,52.554626,-1.469615,60.070599999998414,Vw17
732.4090000000026,-1.6436350000196978,-4.590625000075927,10.796179999996095,0.010033000002023854,-0.2835060000155522,0.1873820000113938,52.554626,-1.469615,60.10960000000105,Vw17
732.5090000000026,0.3283060000527578,0.40098900013380945,9.187929999957174,-0.04325400000144071,0.4008280000183968,-0.163116000009457,52.554626,-1.469615,60.13970000000079,Vw17
732.6090000000027,2.5724340000592805,1.6557380000320916,8.611359999985066,-0.04716600000008971,-0.02077100001142279,-0.051859999996939146,52.554626,-1.469615,60.23900000000264,Vw17
732.7090000000027,1.8532909999802338,1.3024909999902605,9.300581000018521,-0.08788900000108449,0.44901100001263655,-0.2812710000061455,52.554626,-1.469615,60.50730000000712,Vw17
732.8090000000027,1.4077249999878259,0.6920289999831377,8.775870999985223,-0.0651339999993562,0.17551099999226633,-0.10163799999494325,52.554626,-1.469615,60.81690000000853,Vw17
732.9090000000027,-0.8479600000625884,-3.6352520001201345,10.403208000045392,0.018161000002309233,0.3881240000059891,-0.23958800000388633,52.554626,-1.469615,61.176400000009906,Vw17
733.0090000000027,-0.12493299997926643,-1.1176709999287935,9.464943999973455,-0.11653100000376797,0.2213069999953017,-0.1385349999971513,52.554626,-1.469615,61.47700000000825,Vw17
733.1090000000028,0.16841300000794607,-3.417904000064669,11.009699000043215,-0.052064999998169686,0.40195800000506987,-0.23135200000260925,52.554626,-1.469615,61.86610000001073,Vw17
733.2090000000028,3.1707030000833885,2.3835620001619438,8.964318999942698,-0.08991100000107066,0.33845999999818344,-0.23843800000017062,52.554626,-1.469615,62.11750000000688,Vw17
733.3090000000028,2.198800000024044,0.8100000000118034,9.7877000000091,0.0195000000001644,0.5000999999969377,-0.30609999999758136,52.554626,-1.469615,62.6700000000131,Vw17
733.4090000000028,3.044780392181303,1.2252941176590566,10.107896078440623,0.0252843137256573,0.3923549019576716,-0.22100196078185524,52.554626,-1.469615,63.1307843137388,Vw17
733.5090000000029,-1.9408535354998495,-4.263606060766842,9.935425252520021,0.0663818181830168,0.5081959595994107,-0.35293636364027225,52.554626,-1.469615,63.53595959597118,Vw17
733.6090000000029,0.3743980000685043,-0.7431269998964583,9.316037999982122,-0.035764000002969226,0.3701069999959675,-0.1890689999952166,52.554626,-1.469615,63.89640000001032,Vw17
733.7090000000029,-0.6393190000300392,-2.8151060000610295,10.789355000042832,0.14080600000514168,0.35761199999967896,-0.21789200000088274,52.554626,-1.469615,64.22670000000946,Vw17
733.8090000000029,3.8599999997971404,1.418199999914444,10.995699999989839,0.08470000000135501,0.4538999999854256,-0.22749999999297618,52.554626,-1.469615,64.63000000000848,Vw17
733.909000000003,-3.0029702972341847,-1.4762554456307948,10.651937623752135,0.13054158415978168,-0.03916930694538401,0.010123762383317636,52.554626,-1.469615,64.91712871287984,Vw17
734.009000000003,-4.918049000055575,5.495684000210715,7.6149419999086945,-0.21371800001037544,0.28368900000986585,-0.18777700000602798,52.554626,-1.469615,65.4150000000149,Vw17
734.109000000003,-4.884031999998414,6.24851000002053,9.03059100004353,0.03178500000749401,-0.3349180000187187,0.1905580000114481,52.554626,-1.469615,65.83580000001251,Vw17
734.209000000003,-5.04595900000489,7.006513000022608,11.39249000007065,0.06013900000077771,0.03737600001139452,0.08658899999675508,52.554626,-1.469615,66.00830000000506,Vw17
734.309000000003,-4.774700000037052,3.9587999998714447,8.957799999993929,-0.049899999998965563,-0.3936999999901498,0.37179999999040153,52.554626,-1.469615,66.3900000000132,Vw17
734.4090000000031,-5.981799999880136,-0.22930000004604925,8.760000000020717,-0.016199999997893864,-0.0728000000158583,0.05910000001050635,52.554626,-1.469615,66.82000000000971,Vw17
734.5090000000031,-2.076849504829707,-1.729498019848384,9.434950495070384,0.052413861388260964,-0.5894336633823171,0.40137722773335954,52.554626,-1.469615,67.13683168317812,Vw17
734.6090000000031,-1.443205999981421,-2.4380940000216724,9.524563000002589,0.04765499999982987,-0.34838699999230666,0.26748699999570946,52.554626,-1.469615,67.60530000001454,Vw17
734.7090000000031,1.6802110000974089,2.534897000155609,9.806956000008796,-0.0428860000028274,-0.43806900000287996,0.22897499999883997,52.554626,-1.469615,68.04560000001361,Vw17
734.8090000000032,-0.9712990000868844,-0.027509000084608992,10.815640000032571,-0.04607700000007374,-0.44305900000013143,0.278595000001619,52.554626,-1.469615,68.39650000001123,Vw17
734.9090000000032,1.137228000069184,1.331407000044877,9.392378999953564,-0.22430000000577277,-0.20718299999235745,0.28207000000009624,52.554626,-1.469615,68.77620000001218,Vw17
735.0090000000032,-1.1714620000754892,-1.0289170000769159,9.164059999993071,-0.009289999992976417,-0.27261500000219685,0.036381999992039976,52.554626,-1.469615,69.1661000000125,Vw17
735.1090000000032,-0.49833699997743164,0.42022000004772186,9.562652000012983,-0.02204900000048427,-0.11004899999471149,0.06468900000099742,52.554626,-1.469615,69.46700000000962,Vw17
735.2090000000032,-0.24742673266530943,-1.1073396040107282,9.94446831684401,0.03906237623962283,-0.17466138614077603,0.03637821782084821,52.554626,-1.469615,69.8424752475369,Vw17
735.3090000000033,0.050114141424054126,0.9319727273428677,9.114051515123125,0.132855555558691,-0.13194949494800268,-0.026365656567762512,52.554626,-1.469615,70.26575757577166,Vw17
735.4090000000033,-0.3973999999318713,-1.6574999999035145,9.479700000028558,-0.003799999998345012,-0.2350999999894303,0.14389999999038997,52.554626,-1.469615,70.59000000001143,Vw17
735.5090000000033,1.6690356436329734,1.2690346535625239,10.345937623791139,0.04639801980364704,0.08549405941658608,-0.1475851485245304,52.554626,-1.469615,70.93652475248676,Vw17
735.6090000000033,1.3299339999879323,-0.026221000044428955,9.778221999980666,0.05323600000021253,-0.17068000000870048,0.11313700000884327,52.554626,-1.469615,71.18749000000831,Vw17
735.7090000000034,0.30254099996565964,3.3803550001147165,8.61687199996124,-0.08549800000465572,0.27022000001487717,-0.16011300000925505,52.554626,-1.469615,71.04149989999503,Vw17
735.8090000000034,-0.4444590000255475,-0.454218000134182,10.230285000056359,0.04645300000462471,-0.020518000010238235,0.04757400000729928,52.554626,-1.469615,69.5351999999478,Vw17
735.9090000000034,-1.020900000021811,-1.8890999999952387,10.11310000001001,0.026899999998632382,0.41619999998965,-0.17769999999699798,52.554626,-1.469615,67.10999999992774,Vw17
736.0090000000034,-1.6604049505170118,-1.749496039599166,10.406664356445724,-0.0131990099023672,0.11273465345492484,-0.08968019801677916,52.554626,-1.469615,64.99118811873912,Vw17
736.1090000000034,-0.26476199995136085,-1.7802750000011163,10.20001699999273,0.03481100000167946,0.40858100001036873,-0.17255400000290555,52.554626,-1.469615,62.31679999990796,Vw17
736.2090000000035,1.7683070000700392,2.3913590001447327,9.185426999964875,-0.030139000002270183,0.3240839999969639,-0.20765400000118833,52.554626,-1.469615,60.09219999992376,Vw17
736.3090000000035,-1.6204640001221455,-2.199007000165976,10.093623000032906,0.013057000001571333,0.3232990000000035,-0.1179099999967721,52.554626,-1.469615,59.6541999999851,Vw17
736.4090000000035,2.004239000131143,2.1170310001563646,9.418809999975482,-0.04995900000227438,0.35696000000120637,-0.2869830000060922,52.554626,-1.469615,58.93719999997445,Vw17
736.5090000000035,-0.384597000086941,-1.1478760001185937,10.095000000024482,0.04632100000347366,0.14751899999248141,-0.08248299999260919,52.554626,-1.469615,58.56369999998687,Vw17
736.6090000000036,3.6013999998722253,2.5001999998699187,9.686600000007834,0.014199999999961617,0.42439999998379874,-0.2518999999903867,52.554626,-1.469615,58.39999999999511,Vw17
736.7090000000036,-0.024144554584077493,-1.1907900991408549,9.908877227730658,0.01311089108907027,-0.03530297031333962,0.02087227723740054,52.554626,-1.469615,58.26138613860894,Vw17
736.8090000000036,3.8690090001452973,1.799027000111919,8.995448999966142,0.0029029999996229468,0.3353100000138741,-0.17004400000716036,52.554626,-1.469615,58.27980000000073,Vw17
736.9090000000036,0.5019119998739883,-2.5423390001617117,9.746322000028115,0.09962200000358129,-0.2953910000234688,0.15479900001208774,52.554626,-1.469615,58.171099999995974,Vw17
737.0090000000037,-0.6960000000038901,-2.17980000000952,11.409999999916366,0.11829999999805134,0.007199999985959563,-0.014899999989921718,52.554626,-1.469615,58.21000000000144,Vw17
737.1090000000037,-0.8029306930732224,-2.4414831683264135,9.111089108826715,0.06473564356239511,-0.3787405940735376,0.2621297029804408,52.554626,-1.469615,58.249603960397486,Vw17
737.2090000000037,0.8871180000625518,-1.4463779999630957,11.322134000082633,0.19339500000477872,-0.1826199999926031,-0.03487200001108809,52.554626,-1.469615,58.35890000000403,Vw17
737.3090000000037,2.3946450000568236,0.9573220000912575,10.307971999960474,-0.13992000001275748,-0.2409900000023024,0.16079300000757524,52.554626,-1.469615,58.48870000000491,Vw17
737.4090000000037,0.12300000009380278,-1.781199999925286,9.221000000067088,0.11479999999785673,0.12209999999894136,-0.17069999999580257,52.55402,-1.467487,58.720000000007055,Vw17
737.5090000000038,2.6232970297973637,0.21028514859003633,11.00921782184969,0.05767128712655609,0.09388217821675647,-0.05881881187696428,52.55402,-1.467487,58.908118811888286,Vw17
737.6090000000038,2.4254509999915013,-0.4408220000255906,10.582490999983044,0.11353000000215205,0.1803240000033074,-0.17273800000438716,52.55402,-1.467487,59.01890000000416,Vw17
737.7090000000038,2.3305359999964663,-0.4006739999982104,10.748379000006498,0.08073699999872765,0.13328399999817264,-0.06767299999594885,52.55402,-1.467487,59.11900000000377,Vw17
737.8090000000038,-0.5319000000188446,-1.5814000000204596,9.094600000025068,0.14139999999544578,0.16489999999401445,-0.16349999999521234,52.55402,-1.467487,59.21000000000383,Vw17
737.9090000000039,-1.0194247524942073,-2.110706930713654,9.743114851510368,0.023578217817200098,0.010048514845462986,-0.039638613856569166,52.55402,-1.467487,59.30900990099395,Vw17
738.0090000000039,1.5478190001010461,-0.7947459999480944,9.065113999973109,0.019132999999871655,0.21115300000796122,-0.19135500000600883,52.55402,-1.467487,59.44860000000545,Vw17
738.1090000000039,-0.08157900006503183,2.0297050001104346,9.440043000015,0.01642699999989499,0.060640999994006684,-0.055091999994586194,52.55402,-1.467487,59.598500000005835,Vw17
738.2090000000039,-4.110473000157619,1.2172929999669688,10.053344000023943,-0.05052400000262913,0.13473600000297137,-0.03835499999939717,52.55402,-1.467487,59.83760000000934,Vw17
738.309000000004,-4.6184780000188965,5.762305000184062,9.58994299998102,-0.0347659999993357,0.18302000000192084,-0.24016000000816362,52.55402,-1.467487,60.0974000000104,Vw17
738.409000000004,-6.985538000095518,4.297361999938907,10.231274000026122,-0.06944800000140902,-0.0029170000075375013,0.013121000010323541,52.55402,-1.467487,60.48610000001561,Vw17
738.509000000004,-3.4255999999087092,6.169099999770179,10.690199999989607,-0.027799999994373638,0.2727999999803873,-0.11699999999341458,52.55402,-1.467487,60.7300000000183,Vw17
738.609000000004,-1.1312999999770634,0.39329999992402004,10.428999999978073,0.11360000000185558,-0.22009999999528818,0.04850000000100067,52.55402,-1.467487,61.19000000002245,Vw17
738.709000000004,-0.5548643564125707,-1.516204950571481,9.877910891067051,0.16023366336820324,-0.10168415841110177,0.07364851485249176,52.55402,-1.467487,61.75435643566615,Vw17
738.8090000000041,0.10845800002733486,-1.3496749999922837,10.170291000012384,0.13119799999877357,-0.10594500000022634,0.09231400000076548,52.55402,-1.467487,62.31440000002305,Vw17
738.9090000000041,0.1518999999857041,-1.1876999999325888,9.461799999990362,0.00350000000040518,-0.06919999999865759,-0.012499999999971352,52.55402,-1.467487,62.85000000002251,Vw17
739.0090000000041,-0.19740000001344052,0.45939999999697956,9.22630000003573,0.013399999998854037,-0.036399999999255125,-0.011799999995551206,52.55402,-1.467487,63.40000000002251,Vw17
739.1090000000041,-0.5257999999924468,0.385599999982616,10.09929999999882,-0.014599999999047732,-0.018200000001742447,0.09689999999611394,52.55402,-1.467487,63.95000000001945,Vw17
739.2090000000042,-0.3412455445468585,-0.039152475265009146,10.070488118810696,0.008667326733631036,-0.060774257427495086,0.00194950494658655,52.55402,-1.467487,64.42524752477205,Vw17
739.3090000000042,0.03850000002142355,-0.5650999999700137,9.88919999998569,0.036900000000254056,-0.07369999999870476,0.05099999999914622,52.55402,-1.467487,65.06000000002332,Vw17
739.4090000000042,0.5478069307146132,0.14777128715886767,9.549001980183629,0.042939603960651516,-0.04290792079077669,0.03070297029617113,52.55402,-1.467487,65.61445544556801,Vw17
739.5090000000042,-0.3948534653872562,-0.9754643564842114,10.069221782200717,0.010163366335222787,-0.11484059406250986,0.12587326733083054,52.55402,-1.467487,66.11990099012048,Vw17
739.6090000000042,0.042739393959110805,-0.03166363632190805,10.312129292939323,0.051867676769505724,0.12335454546489101,-0.055628282836201165,52.55402,-1.467487,66.7635353535627,Vw17
739.7090000000043,1.0098000000289447,0.7042999999756778,9.099100000074142,-0.0995999999957663,-0.056699999996470477,0.04829999999929583,52.55402,-1.467487,67.2900000000242,Vw17
739.8090000000043,1.6797999998642974,0.1412999999421449,10.815299999967086,-0.0016000000024851268,0.02499999998997395,0.03200000000333204,52.55402,-1.467487,67.8499999999816,Vw17
739.9090000000043,-1.4613881189483264,-1.197907920850251,10.053418811848093,-0.059124752477746255,-0.20707920793087298,0.10912871287463739,52.55402,-1.467487,67.42425742572408,Vw17
740.0090000000043,0.9271999998930669,0.2858999999230124,10.356999999999653,0.020399999996924604,0.07409999999093207,0.07779999999597076,52.55402,-1.467487,67.64999999993029,Vw17
740.1090000000044,-1.5480475248599936,-1.496179207998201,10.348980198019454,-0.0507881188149734,-0.13580099010812743,-0.015467326736724546,52.55402,-1.467487,66.03613861379128,Vw17
740.2090000000044,0.5562940000934211,0.8140840001021525,10.042494999986555,-0.07872500000119459,0.16048600001309274,-0.054911000001689816,52.55402,-1.467487,63.832099999904,Vw17
740.3090000000044,1.0165999999786557,0.519799999984433,10.175899999983042,0.1034999999983728,0.04930000000674378,-0.038400000003006106,52.55402,-1.467487,61.64999999991354,Vw17
740.4090000000044,0.5352000000556594,0.1687000000795667,9.793400000001059,0.06680000000027217,0.2014000000011282,-0.10620000000528981,52.55402,-1.467487,59.699999999986396,Vw17
740.5090000000044,1.7905465347094216,1.9632544555255356,9.817261386139679,0.07293861386165976,0.22684554455558967,-0.22550693069838734,52.55402,-1.467487,59.39306930691701,Vw17
740.6090000000045,-1.419499999825445,-2.6451999998110374,9.749399999988086,0.06830000000026339,0.19840000001039085,-0.12780000000585612,52.55402,-1.467487,58.99999999998946,Vw17
740.7090000000045,2.517430693244793,1.6166811883087817,9.480687128700893,0.07424059405967075,0.4327564356540106,-0.2598792079266794,52.55402,-1.467487,58.76237623761317,Vw17
740.8090000000045,-1.476163000186177,-3.3880170002330026,9.663130000008545,0.04737199999875691,0.11255799998511024,-0.14734999999474427,52.55402,-1.467487,58.492699999987664,Vw17
740.9090000000045,2.510717000185976,-0.18605799984979488,10.199303000024672,0.04601099999994972,0.4947070000177963,-0.17510800000133483,52.55402,-1.467487,58.38109999999497,Vw17
741.0090000000046,-1.3602880001806232,-4.3632740001944015,10.574069000017056,0.058078000000557704,-0.17727300003120855,0.12001600001364088,52.55402,-1.467487,58.340399999998176,Vw17
741.1090000000046,2.7200999999880686,-0.6837000000016838,10.326799999969708,0.04569999999645657,0.038299999983570567,-0.1772999999788295,52.55402,-1.467487,58.2899999999973,Vw17
741.2090000000046,2.457723762364244,-0.7207297029719897,9.660661386108163,-0.032220792082769754,-0.3229871287293861,0.28824455447672614,52.55402,-1.467487,58.230594059403224,Vw17
741.3090000000046,0.11272079197049445,-3.061518811989811,9.57450594059037,0.03953465346871289,0.0971396039800625,-0.14936534655517975,52.55402,-1.467487,58.18099009900762,Vw17
741.4090000000047,2.1102343435320807,0.07352727287937899,10.221481818212817,-0.011464646467154123,-0.2424474747641152,0.1857888889053354,52.55402,-1.467487,58.27898989899463,Vw17
741.5090000000047,-1.5421960001738335,-4.66223600022565,11.014655000037223,0.028689000001925546,-0.6084390000171519,0.28740900000464287,52.55402,-1.467487,58.33940000000281,Vw17
741.6090000000047,3.37129400023428,0.8024150002608863,10.220204999962027,-0.1574160000088266,-0.023148999972128714,0.07238199998977723,52.55402,-1.467487,58.458800000005624,Vw17
741.7090000000047,-1.960439000254683,-3.7993550002204084,10.227148000000712,-0.12544199999839772,-0.4922020000224788,0.25453800000872356,52.55402,-1.467487,58.44019999999906,Vw17
741.8090000000047,3.0946999998750218,0.7703000000104101,10.084599999982773,-0.11429999999465311,0.1955999999859922,-0.09069999999227987,52.55402,-1.467487,58.66999999999811,Vw17
741.9090000000048,0.4772742573001456,0.9883198019906597,9.723807920774767,-0.0023198019748246618,-0.09776633664774054,0.07098316832459,52.55402,-1.467487,58.63039603960206,Vw17
742.0090000000048,1.0381999998556755,0.8715000000057824,9.605600000016922,-0.031199999997712845,0.32499999998313045,-0.13779999999859144,52.55402,-1.467487,58.69000000000525,Vw17
742.1090000000048,-1.984400000245365,0.9926000000250728,9.959999999942092,0.016699999999173952,-0.02829999997618306,-0.10830000000876662,52.55402,-1.467487,58.80000000000525,Vw17
742.2090000000048,-7.123099999759663,1.517700000321385,8.747200000078681,-0.0006000000045206839,0.4704999999790567,-0.2918999999962731,52.55402,-1.467487,58.91000000000871,Vw17
742.3090000000049,-2.2067633660951342,8.091957426065514,10.35670495057411,-0.09307524752929501,0.04208415839479707,-0.21566237623387885,52.55402,-1.467487,59.088217821790934,Vw17
742.4090000000049,-3.652500000074178,7.513704999968045,9.247367999944156,-0.037767999997209756,0.3630150000161373,-0.3277600000056002,52.55402,-1.467487,59.327600000011785,Vw17
742.5090000000049,-1.4118849998880707,3.011114999776903,10.888508000081998,0.1319910000083953,0.182060999990858,0.051854000018893176,52.55402,-1.467487,59.58740000001278,Vw17
742.6090000000049,-3.1901999997811776,-3.3562999998763443,9.677199999969565,0.1683999999959488,0.494999999997062,-0.22690000000700367,52.55402,-1.467487,59.81000000001694,Vw17
742.709000000005,1.2860376239822573,-0.8267950493806966,9.054625742543676,0.08552871286721635,0.43490099009605776,-0.37016732673971076,52.55402,-1.467487,60.15653465348237,Vw17
742.809000000005,-1.5262410001450153,-1.5286550000369084,9.632896000029668,-0.010340000004823963,0.17432599998680443,-0.02579299998244783,52.55402,-1.467487,60.60550000002261,Vw17
742.909000000005,0.5748850001081367,1.5171600001550045,10.088260000022819,-0.07555100000326194,0.21248800000207074,-0.2280220000104442,52.55402,-1.467487,61.06540000002312,Vw17
743.009000000005,-0.9393870000779696,-0.12470400008492066,9.783127999984277,-0.07194299999978389,0.0975649999941446,-0.024476999989560794,52.55402,-1.467487,61.57490000002563,Vw17
743.109000000005,0.7806690000881124,2.770485000147843,9.170654999969065,-0.12050900000246781,0.3217240000114394,-0.0785330000028498,52.55402,-1.467487,62.10470000002664,Vw17
743.2090000000051,0.335099999880693,0.1402999999476658,11.80899999985491,-0.09590000000386985,-0.10669999998850693,0.09949999999939724,52.55402,-1.467487,62.62000000002532,Vw17
743.3090000000051,-1.9969792080406508,-0.882670297082279,8.972960395893844,-0.1715435643603234,0.11795346535808081,0.08771782178157267,52.55402,-1.467487,63.115049504975936,Vw17
743.4090000000051,-1.76239999992083,-3.1732999998674423,10.512499999936617,-0.01520000000159049,-0.42299999998500176,0.3102999999847688,52.55402,-1.467487,63.54000000002482,Vw17
743.5090000000051,-0.2148752474452167,-0.5822108909559387,9.273589108847217,-0.046289108912488934,-0.12983168315324933,0.012577227707470662,52.55402,-1.467487,64.02514851487642,Vw17
743.6090000000052,2.1502660001219875,1.9412720001296664,9.44167700000937,-0.05719300000054996,-0.23312700000551495,0.21284700001055196,52.55402,-1.467487,64.59430000002929,Vw17
743.7090000000052,1.6727629999739773,0.5148629999246352,10.722085000066379,0.18643800001265415,-0.08065099999202818,-0.010028000011677557,52.55402,-1.467487,65.0851000000252,Vw17
743.8090000000052,0.004400000032112817,0.019099999948734438,9.17510000008222,-0.006099999997685517,-0.05499999999795476,0.08719999999619431,52.55402,-1.467487,64.6800000000026,Vw17
743.9090000000052,0.6184594059728521,-0.9611970297544675,10.747278217904372,0.03815742574489921,-0.01589108910685641,0.014427722768454332,52.55402,-1.467487,64.72950495049766,Vw17
744.0090000000052,1.9062540000680115,1.105030000110165,9.639547999940383,-0.021988000003215123,-0.251021000012498,0.2481320000124402,52.55402,-1.467487,63.264799999922246,Vw17
744.1090000000053,1.7713929999921567,-0.1561490000680379,9.915102000015224,0.06976700000490148,-0.12648199999326507,-0.031551000014967134,52.55402,-1.467487,61.11159999988653,Vw17
744.2090000000053,-0.7890520001357915,-1.1123720000500548,10.098774000009593,0.03852499999829262,0.0853730000111741,0.0339100000036249,52.55402,-1.467487,58.74369999987549,Vw17
744.3090000000053,0.4665000001273976,-2.7649999999182215,10.149899999997832,-0.001300000002507639,-0.23009999999179992,0.16069999999204856,52.55402,-1.467487,57.04999999998042,Vw17
744.4090000000053,2.8507574258705355,-1.234504950412909,10.10930594059188,-0.04823069307182566,-0.07663465345711018,0.011888118803894565,52.55402,-1.467487,56.68366336631697,Vw17
744.5090000000054,0.4309000000367364,-1.4265999999245222,10.107199999969072,0.007599999998714438,-0.20119999998939808,0.1547999999955984,52.55402,-1.467487,56.299999999980955,Vw17
744.6090000000054,1.1184247525121465,-0.01402574249844557,9.528388118780818,-0.01645940594188531,-0.002784158405192777,0.07242376237181655,52.55402,-1.467487,55.94356435641651,Vw17
744.7090000000054,-0.4680060000863788,0.0020800000001073428,10.053537000028783,0.031513000002613804,-0.19959200001077726,-0.013045000004588914,52.55402,-1.467487,55.74199999998927,Vw17
744.8090000000054,1.0517722773113511,0.4399544554693858,9.740629702952967,0.06326831683338574,-0.018793069296976855,-0.014390099009927675,52.55402,-1.467487,55.57336633662459,Vw17
744.9090000000054,0.9584686868617346,-0.14890101013443213,10.452371717211875,0.08389595959707771,0.03627575757863039,0.03004646464894999,52.55402,-1.467487,55.51060606060274,Vw17
745.0090000000055,0.659399999983186,-1.371899999910954,10.121399999967576,-0.04749999999788205,0.015300000001080586,-0.0562999999946673,52.55402,-1.467487,55.40999999999243,Vw17
745.1090000000055,0.3512811881019251,0.25988217830725335,9.527241584125852,-0.008688118809754064,0.03510198019910507,0.04142277228258352,52.55402,-1.467487,55.27138613860627,Vw17
745.2090000000055,0.28076237623387434,-0.030994059423020137,9.673328712879739,-0.040254455447321175,-0.14309603961387893,0.025442574256482938,52.55402,-1.467487,55.230792079205735,Vw17
745.3090000000055,-0.023235643581427157,-1.4535425743373172,10.445360396082979,-0.047692079208303914,0.08723861387458187,-0.12723663367195917,52.55402,-1.467487,55.18148514851212,Vw17
745.4090000000056,0.6981353535776594,-0.26284444437298915,9.738166666624355,-0.048781818181869246,0.059617171715157694,-0.008837373730248038,52.55402,-1.467487,55.20939393939564,Vw17
745.5090000000056,-0.4089494950135578,-0.8343090909431681,9.289821212096475,-0.060084848485492726,0.039398989897876595,-0.011942424242746365,52.55402,-1.467487,55.26939393939733,Vw17
745.6090000000056,0.1502360000322469,0.1147520000539759,9.99552700004013,-0.011788999997264273,0.07632500000209795,-0.04189800000168954,52.55402,-1.467487,55.27990000000056,Vw17
745.7090000000056,1.1255070000547873,-0.4058440000299643,10.427113000023983,-0.016844000000313292,-0.059821000007714856,0.027595000003944145,52.55402,-1.467487,55.40870000000727,Vw17
745.8090000000057,0.09299999998528324,-0.41759999999039915,9.72340000002728,-0.061199999996958875,-0.0563000000009095,-0.013200000002557954,52.55402,-1.467487,55.570000000009664,Vw17
745.9090000000057,-0.16590000014584558,-0.24869999988129293,10.203299999984287,-0.00770000000386085,-0.07229999999175489,-0.05819999999599845,52.55402,-1.467487,55.74000000001576,Vw17
746.0090000000057,-2.7316425744038777,1.8396168318023691,9.926864356419864,-0.07562079208308482,0.07274950495877447,0.012196039607978576,52.55402,-1.467487,56.01722772278811,Vw17
746.1090000000057,-6.080532000191614,2.050877000010977,9.43137699997159,-0.014820999996455204,-0.04559000000690694,0.13348200000695262,52.55402,-1.467487,56.34670000001884,Vw17
746.2090000000057,-3.8840999999630936,4.711799999925441,11.026400000020724,-0.004799999997778378,0.13329999998491365,-0.15449999998695157,52.554019999999966,-1.4674869999998854,56.68000000001722,Vw17
746.3090000000058,-3.2475653464975967,3.4258594058657312,11.383825742595064,0.033516831685399,-0.1268980198171281,0.07054950496359669,52.55343089108907,-1.4655117524751327,56.977029702987586,Vw17
746.4090000000058,-1.742537999911868,0.7184179998415399,8.457197999827683,0.16992600000799934,0.23036500002116256,-0.15618700001346605,52.553425,-1.465492,57.366100000022705,Vw17
746.5090000000058,1.6076999998385506,0.6313999999284317,9.729699999983392,0.16509999998993669,0.04149999999870262,-0.032699999999041315,52.553425,-1.465492,57.670000000016074,Vw17
746.6090000000058,-1.1768544556076526,-0.6029564357154245,9.443264356418968,-0.008464356445747917,0.019123762374934954,-0.016165346533690873,52.553425,-1.465492,57.94722772278842,Vw17
746.7090000000059,1.0871500001347776,1.693974000135802,10.194483000044345,0.044349000003207864,0.2639250000144092,-0.1579660000083486,52.553425,-1.465492,58.207400000015134,Vw17
746.8090000000059,-0.8958999999101596,-0.6009999999364168,9.596400000047257,-0.018699999996722217,0.017500000006953585,-0.03950000000069068,52.553425,-1.465492,58.600000000013466,Vw17
746.9090000000059,0.6238029703872293,0.474544554519283,10.395805940641507,0.03674554455774634,0.135123762383219,-0.05118316831752512,52.553425,-1.465492,58.82772277229074,Vw17
747.0090000000059,-2.2363560001723934,-0.855061000080362,9.000573999915868,-0.002399000002380171,-0.07447100001263687,0.06868800000719394,52.553425,-1.465492,59.16660000002018,Vw17
747.109000000006,-0.5382459998964477,0.1410020000605312,10.570796000094994,0.14669000000896276,0.07595900000914677,-0.14057400001261905,52.553425,-1.465492,59.52640000002137,Vw17
747.209000000006,-0.8209680000179967,-0.3062790000274284,10.081998999969734,0.13562699999924618,-0.05793200000811989,-0.032017999993363994,52.553425,-1.465492,59.91610000002315,Vw17
747.309000000006,-0.2158000000957135,-0.19500000010349836,8.447199999960883,0.07960000001857029,0.037000000003928564,-0.08340000001520209,52.553425,-1.465492,60.24000000002109,Vw17
747.409000000006,-1.804300000075586,-1.9126999999902699,7.797999999930928,0.3877999999681608,0.10219999999794181,-0.3356999999796389,52.553425,-1.465492,60.5900000000179,Vw17
747.509000000006,-3.058755445620437,-1.7512148514753803,6.651663366267291,-0.14061584161612245,0.06804158415634959,0.0022207920996488717,52.553425,-1.465492,60.887029702988265,Vw17
747.6090000000061,-0.24619999989882693,-0.5048999999954958,10.705600000035103,0.31189999997838014,0.2306999999816613,-0.36119999996845914,52.553425,-1.465492,61.180000000004775,Vw17
747.7090000000061,1.432908910992659,-0.4301475247479534,11.288174257460984,-0.04691188120982348,-0.07365643566197502,0.16226534656631814,52.553425,-1.465492,61.25920792079687,Vw17
747.8090000000061,2.2113999998490876,-0.792900000046645,11.666599999912522,0.1166999999926027,0.2174999999731521,-0.05379999999975079,52.553425,-1.465492,60.72999999990092,Vw17
747.9090000000061,-0.2468178219336714,-1.5527019802448443,10.241649504862679,-0.003795049512376275,-0.21982673270021855,-0.04974059405915577,52.553425,-1.465492,59.11613861376193,Vw17
748.0090000000062,-0.5228999999423899,-1.5190999998525037,10.086900000017293,-0.05739999999444443,0.13370000000309387,-0.04560000000101508,52.553425,-1.465492,56.69999999988998,Vw17
748.1090000000062,0.4155158416419903,0.8834742575738064,10.36858316833419,0.03309504951052746,0.18409603960706616,-0.06213465346636552,52.553425,-1.465492,54.90792079196877,Vw17
748.2090000000062,-4.115099999962706,0.16610000021449497,9.14230000002753,-0.03320000000022287,-0.021699999990342247,-0.13449999999228618,52.553425,-1.465492,54.43999999996038,Vw17
748.3090000000062,-3.518664356398209,3.5964960398192662,9.582597029730605,-0.03676435643586728,0.1327554455542487,-0.011133663358593657,52.553425,-1.465492,53.806336633623594,Vw17
748.4090000000062,-6.242599999846034,3.2297000000900646,11.000199999997145,0.028999999998322177,0.10340000000204919,0.04359999998527193,52.553425,-1.465492,53.42999999998638,Vw17
748.5090000000063,-3.7802237622216883,4.670096039694365,10.9545564356407,0.0021683168299990972,0.1361722772297797,-0.1919445544702293,52.553425,-1.465492,53.21217821780811,Vw17
748.6090000000063,-2.0212189998900394,0.018629999704180555,9.392968999901024,0.20752300001303664,0.16303200000168214,-0.06985699999211023,52.553425,-1.465492,53.02189999998808,Vw17
748.7090000000063,-0.4276199999000758,-0.559932000033693,9.745579000023355,0.1943539999990334,0.06271599999362294,-0.09760700000183906,52.553425,-1.465492,52.891299999991844,Vw17
748.8090000000063,-0.48229999989662375,-1.6922999998754946,9.299500000039378,0.0660999999977875,0.0698000000046015,-0.0770000000007438,52.553425,-1.465492,52.79999999999433,Vw17
748.9090000000064,1.1414623763413838,0.26334356448140306,9.918014851524672,0.03134752475025453,0.1420772277273909,-0.08868316831757825,52.553425,-1.465492,52.71089108910322,Vw17
749.0090000000064,0.17294699993643536,0.04440899998460571,11.138534000078383,0.0769360000029651,0.19744800000352747,-0.19284900000671623,52.553425,-1.465492,52.65059999999617,Vw17
749.1090000000064,0.17339999989141436,1.7488999998759975,9.85859999994456,0.026000000004849744,0.1788999999926973,-0.14339999999181097,52.553425,-1.465492,52.61000000000749,Vw17
749.2090000000064,-1.5321882354035017,-0.1988450981641301,8.987815686218664,0.10217647059312071,0.06419411763970242,-0.014772549011358604,52.553425,-1.465492,52.727647058831074,Vw17
749.3090000000064,-0.9524636363229032,-0.9713151515638263,8.758165656551574,-0.06547373738496344,0.11070202020525861,-0.12732525253289204,52.553425,-1.465492,52.64090909090318,Vw17
749.4090000000065,-3.3086370001552057,-0.8896009999941399,8.575819999988163,-0.1489740000053723,-0.2332210000226275,0.21958400002286815,52.553425,-1.465492,52.828100000012356,Vw17
749.5090000000065,1.0931960002907553,1.6554020001671401,9.215025000042115,-0.031098999992201656,0.19088100002809086,-0.16814800002570393,52.553425,-1.465492,53.17650000002276,Vw17
749.6090000000065,2.8628000000231277,-0.9319999997626516,11.040699999911688,-0.18759999998361818,-0.3463999999628752,0.01720000000821683,52.553425,-1.465492,53.440000000020085,Vw17
749.7090000000065,3.2196999997141016,2.7306999996766477,9.67790000011635,0.06519999999652028,0.2264999999663584,0.14400000000084218,52.553425,-1.465492,53.75000000001632,Vw17
749.8090000000066,-1.1161415844453395,-2.1731613864631254,11.442454455562315,0.012427722768785038,-0.2836980198357424,0.15677227722856799,52.553425,-1.465492,53.99752475249163,Vw17
749.9090000000066,-0.504812999956237,0.06024500015257139,9.20369199984917,-0.14422300001043614,0.15452200002963412,-0.10347000001740456,52.553425,-1.465492,53.81189999998743,Vw17
750.0090000000066,-2.9172999997888454,-0.7983999998105854,10.698999999901575,0.08099999999440184,-0.2820999999750489,0.26679999997150144,52.553425,-1.465492,53.59999999990703,Vw17
750.1090000000066,0.28499999995800834,2.074200000044322,9.206299999994627,-0.0038999999968467097,0.09629999997748956,-0.16539999999136926,52.553425,-1.465492,52.18999999987791,Vw17
750.2090000000067,-0.35183168321045905,2.7463782178662632,9.124814851479757,0.043921782181382416,-0.2450861386364525,-0.03450891088242744,52.553425,-1.465492,50.338514851362625,Vw17
750.3090000000067,-4.453533000278411,0.5763869998520219,10.596625000100111,0.012521999997832864,-0.16652799999442736,0.19945000001581611,52.553425,-1.465492,48.34989999986607,Vw17
750.4090000000067,-3.238800000098534,3.610099999850356,10.16869999995575,0.13659999999246897,-0.21880000000302835,0.22059999999115404,52.553425,-1.465492,46.999999999980744,Vw17
750.5090000000067,-4.7078099010889805,1.3791099008399272,9.508997029658564,0.024322772269670168,-0.2639485148545242,0.08871881187231098,52.553425,-1.465492,46.71287128710939,Vw17
750.6090000000067,-2.9858831681983418,5.1340910893666365,9.308026732660005,0.1550366336723616,-0.03669999998446394,-0.028067326740551637,52.553425,-1.465492,46.42574257423803,Vw17
750.7090000000068,-3.0083999994781503,-1.1904999996623096,8.827500000142996,0.004499999998460162,0.3807999999862968,-0.17599999999619767,52.553425,-1.465492,46.05999999997704,Vw17
750.8090000000068,4.6419960401276175,3.7600940597448007,10.923836633806857,-0.018074257427287747,0.17990891087733843,-0.12025742573875876,52.553425,-1.465492,45.72336633661062,Vw17
750.9090000000068,-1.887770000456773,1.2178789998208028,7.128349999736123,-0.3325260000217263,-0.5815290000525086,0.45400500003966726,52.553425,-1.465492,45.68039999999726,Vw17
751.0090000000068,5.135979000490252,5.108041000270784,9.760820000184681,-0.21026699999132728,0.3219960000630021,-0.14776300004200837,52.553425,-1.465492,45.531499999989734,Vw17
751.1090000000069,-4.495192000670873,-1.7043880004737622,8.073020999881436,-0.3873980000123348,-0.44941500005397345,0.4088160000389075,52.553425,-1.465492,45.539900000000685,Vw17
751.2090000000069,1.488568000420507,0.3045090001436854,12.845617000331185,-0.37613199999909647,0.23916500004815516,-0.026149000030467495,52.553425,-1.465492,45.470699999995205,Vw17
751.3090000000069,-1.2229900001948837,-0.23543400003942194,9.744314999778643,-0.485890000007723,-0.09079600002368379,0.24957000001969012,52.553425,-1.465492,45.400699999995126,Vw17
751.4090000000069,1.6448490002035507,1.4225950001169423,13.017615000232317,0.3976640000621835,0.13805400001632528,-0.17191400002982526,52.553425,-1.465492,45.419800000001395,Vw17
751.509000000007,-3.957317000395835,1.371782999995247,6.506505999539984,0.20998599998617987,0.1927710000036812,-0.1349169999970982,52.553425,-1.465492,45.489300000004874,Vw17
751.609000000007,0.9306999995090848,2.1285999999505836,12.146199999561096,0.49089999996017586,0.31669999999505627,-0.23779999998490117,52.553425,-1.465492,45.539999999991075,Vw17
751.709000000007,-6.148210891581696,1.4160257425246727,5.817289108470492,-0.08335742578253413,0.24541287128216818,-0.020077227707621964,52.553425,-1.465492,45.41128712870391,Vw17
751.809000000007,-0.011105999556585644,3.7111450001644433,10.29117000032408,0.4237200000366295,0.5374430000209098,-0.33430400002259997,52.553425,-1.465492,45.34069999999505,Vw17
751.909000000007,-7.45438200053622,0.9805169998032657,5.2028599996332225,-0.5783260000719552,0.11697699996975108,0.11988000003267474,52.553425,-1.465492,45.19149999998939,Vw17
752.0090000000071,0.7541200005918247,6.28998800038129,7.599567000174924,-0.2516029999759324,0.701552000042067,-0.26486700002781594,52.553425,-1.465492,44.496999999950496,Vw17
752.1090000000071,1.2049999999486432,2.326100000169515,12.535899999691168,-0.11120000000240768,-0.22939999997214064,0.17749999997943347,52.553425,-1.465492,43.519999999907185,Vw17
752.2090000000071,0.47638613856233225,4.731050495219588,8.15441485117528,-0.14535841584399992,0.16584752478042802,-0.11428217823845721,52.553425,-1.465492,42.203168316738555,Vw17
752.3090000000071,-0.45239200006687813,1.0304229997296783,8.262268000011007,0.12437200001960069,-0.2612460000312835,0.25939600002733176,52.553425,-1.465492,40.70499999989222,Vw17
752.4090000000072,-2.1357900001215175,-0.8277110001321458,9.393093000081972,0.061066999995206844,0.06832700002423886,-0.001526000019215712,52.553425,-1.465492,39.26439999989652,Vw17
752.5090000000072,-1.3551559999421083,0.46198700009495053,10.090273000049779,0.02782899999763576,-0.2948970000266103,0.25428900001876303,52.553425,-1.465492,38.32929999993317,Vw17
752.6090000000072,-0.9149649999686325,-0.9383220001026036,11.434393000097064,0.15105200000896832,-0.10050099998562054,0.10929099998928546,52.553425,-1.465492,38.022999999978445,Vw17
752.7090000000072,2.2998710002330394,3.131546000296457,11.185153999980928,-0.12559300002017149,-0.1306750000023355,0.18680200000573455,52.553425,-1.465492,37.67349999997485,Vw17
752.8090000000072,1.6986999999532881,1.7745239998969131,9.170621999851676,-0.15651600000207283,-0.12268399999938691,0.20492500000127728,52.553425,-1.465492,37.51159999998832,Vw17
752.9090000000073,3.2893680001177605,4.748220000220309,9.593127000032652,-0.09868699999571501,0.00996100000977447,0.11243599999316736,52.553425,-1.465492,37.30209999998467,Vw17
753.0090000000073,-0.8314130003050386,-0.07349100035775713,9.018053999957267,-0.07701299999844513,-0.05394100000481059,0.14466500000244542,52.553425,-1.465492,37.25049999999635,Vw17
753.1090000000073,2.614966000257202,1.9163060001503327,10.227920000089641,-0.05105999999810204,0.0638040000087306,0.0320409999916709,52.553425,-1.465492,36.91339999997518,Vw17
753.2090000000073,1.1966000001374182,-0.21699999975899517,11.141499999965,0.015699999987393704,-0.14489999996825378,0.1791999999807723,52.553425,-1.465492,36.76999999996708,Vw17
753.3090000000074,3.0562039605338973,3.044386138855637,10.667836633628252,-0.15489405941858722,0.28470396042788726,-0.08099801982126939,52.553425,-1.465492,36.324455445511525,Vw17
753.4090000000074,0.45991299980418665,0.8588059998338928,8.979505999873926,0.10347300001947532,0.3121660000017348,-0.031624999996107905,52.553425,-1.465492,35.676499999951815,Vw17
753.5090000000074,-0.46878600006756677,2.8111530001478777,9.220593000019328,-0.01695700000921499,0.35566300000323975,-0.1534640000091631,52.553425,-1.465492,34.63049999992216,Vw17
753.6090000000074,1.0992690001181047,1.3011539998854316,9.039653999986257,0.08485900000771746,0.26046599999283854,-0.02946499999062191,52.553425,-1.465492,33.808199999939205,Vw17
753.7090000000074,2.3927950000956715,3.5249810001676867,10.965132000144326,0.07550499999922157,0.35157000000689453,-0.15957300000983773,52.553425,-1.465492,32.651599999914005,Vw17
753.8090000000075,0.3778829998458435,2.115366999891121,9.944208999920908,0.1478680000055091,0.33665999999879587,-0.1050639999957553,52.553425,-1.465492,31.71929999993001,Vw17
753.9090000000075,1.9035820001175598,3.658368000118418,11.00062300008112,0.32749300001360165,0.46876400001005636,-0.1947880000068648,52.553425,-1.465492,30.818999999932252,Vw17
